<?xml version="1.0" encoding="UTF-8"?>
<Configuration status="WARN">
    <Appenders>
        <!-- Console Logger -->
        <Console name="Console" target="SYSTEM_OUT">
            <PatternLayout pattern="%d{yyyy-MM-dd HH:mm:ss} [%t] %-5level %logger{36} - %msg%n"/>
        </Console>

        <!-- File Logger -->
        <File name="FileLogger" fileName="C:/Naresh/AutomationUser/JenkinsRunDemo/logs/app.log">
            <PatternLayout>
                <pattern>%d{yyyy-MM-dd HH:mm:ss} [%t] %-5level %logger{36} - %msg%n</pattern>
            </PatternLayout>
        </File>
    </Appenders>

    <Loggers>
        <!-- Root Logger -->
        <Root level="info">
            <AppenderRef ref="Console"/>
            <AppenderRef ref="FileLogger"/>
        </Root>

        <!-- Logger for Specific Classes -->
        <Logger name="com.yourpackage" level="debug" additivity="false">
            <AppenderRef ref="Console"/>
        </Logger>
    </Loggers>
</Configuration>
